,mean_annual_pnl,pnl_volatility,plan_target,prob_miss_plan,earnings_at_risk_5pc,cte_95,upside_95pc
Baseline,0.07594,0.03409,0.045,0.1658,0.01284,-0.00744,0.12579
Max-Sharpe,0.06053,0.01731,0.045,0.1816,0.02872,0.01886,0.08515
Min-Variance,0.05644,0.02053,0.045,0.2508,0.01864,0.00626,0.08508
Max-RoC,0.06947,0.03617,0.045,0.224,0.00518,-0.01666,0.12501
Capital-Budgeted,0.07687,0.02725,0.045,0.123,0.02849,0.01401,0.11713
Risk 20%,0.07538,0.03247,0.045,0.1604,0.01544,-0.00389,0.12261
