name,capital_charge
Listed Equities,0.010499999999999999
Infra Equity,0.006
IG Credit,0.005600000000000001
Corporate Credit,0.005399999999999999
Private Credit,0.0045
Unlisted Property,0.00375
CMBS,0.0033
High Yield,0.0026000000000000003
AUD Sovereign,0.002505
USD Sovereign,0.0021449999999999998
CLO BBB,0.00165
CLO AAA,0.0012
Infra Debt,0.0012
ABS,0.0009
RMBS,0.0009
GBP Sovereign,0.00075
EUR Sovereign,0.00075
NZD Sovereign,0.0003
CAD Sovereign,0.0003
Cash,0.0
