liquidity,weight
Illiquid (1-3),0.08415841584158415
Semi (4-6),0.16336633663366337
Liquid (7-10),0.7524752475247525
