,exp_return,volatility,realised_return,sharpe,max_drawdown,carry,duration,core_fi,risk_assets,liquidity,capital_charge,return_on_capital
Baseline,0.05108,0.03363,0.08317,1.65672,-0.16718,0.04868,4.2085,0.85,0.15,7.558,0.03707,1.3778
Max-Sharpe,0.0514,0.01746,0.0644,2.16062,-0.04823,0.05213,1.88355,0.89554,0.10446,7.18703,0.02478,2.07387
Min-Variance,0.04719,0.01604,0.0574,1.93685,-0.05216,0.04719,2.14374,1.0,0.0,7.76682,0.01589,2.9704
Max-RoC,0.04388,0.02896,0.07068,1.51628,-0.16091,0.04388,3.89322,1.0,0.0,9.08056,0.01135,3.86734
Capital-Budgeted,0.0586,0.03313,0.08078,1.61414,-0.13243,0.0601,2.89123,0.8,0.2,6.30886,0.03707,1.58064
Risk 20%,0.05263,0.03496,0.08451,1.63089,-0.16401,0.04943,4.06467,0.8,0.2,7.31145,0.04315,1.21971
