rating,weight
AAA,0.39603960396039606
AA,0.18811881188118812
A,0.16831683168316833
BBB,0.12376237623762376
NR,0.07425742574257425
BB,0.0297029702970297
B,0.019801980198019802
