capital_category,risk_share
sovereign,0.39682226973418333
ig_credit,0.17761299585293025
corporate_credit,0.11434290781565012
listed_equity,0.06871968556636837
structured_mezz,0.043502049527967664
structured_senior,0.042404698698297535
infra_equity,0.038289563186055565
high_yield,0.03387912050141076
private_credit,0.03221760204304014
infra_debt,0.029532075245860694
property,0.018400767103430537
gold,0.003344194317846805
cash,0.0009320704069583253
