capital_category,risk_share
sovereign,0.4007181818534813
ig_credit,0.17513305316138833
corporate_credit,0.11759899618410867
listed_equity,0.07117906244452049
structured_mezz,0.043744535538262706
structured_senior,0.041753920057327226
infra_equity,0.03394307075359133
high_yield,0.03386719522972402
private_credit,0.0338181078022654
infra_debt,0.029587297824028035
property,0.018035342253642384
cash,0.0006212368976597485
